,beta0,beta1,beta2,beta3,tau1,tau2
2022-01-27,99.13248333093387,-97.13186119820497,15.283602683516255,18.931504980637822,-2292.0568321239293,-2758.27584477642
2022-01-28,80.58371096598991,-78.58089424744041,7.279727181044018,33.86366858122272,-1976.8498232023628,-2715.8392240715725
2022-01-31,49.95953182311751,-47.94902319286382,-3.70474227477981,82.93017396402219,-1571.444987110675,-3025.249727694431
2022-02-01,41.32556458510835,-39.31153316819277,-0.3640713496224157,67.01218371740832,-1341.017434265779,-2488.56196738377
2022-02-02,165.98707932873657,-163.96615817233715,24.916609639438693,30.84626774668244,-3767.7537852647674,-4005.7888677961323
2022-02-03,38.42168220334959,-36.400958595082464,-0.2564915692757314,62.04028885723029,-1257.6509481985663,-2262.3665944041095
2022-02-04,46.562666264818866,-44.537201026649,-0.8374678151751718,74.15742197801866,-1333.9188846628883,-3118.0532182401357
2022-02-07,-4109.182014451675,4109.3622870616955,4005.8875721147087,53.91730696681037,-809.9971718047614,0.07937075214714318
2022-02-08,177.12485457209675,-174.65415048118197,-249.5714028028958,517.2773212799856,-185.2154431091767,-871.3767787781554
2022-02-09,38.19993633222344,-36.18430590418279,-6.599526790952072,66.62198136072023,-1112.7491170056674,-2524.4876980489466
2022-02-10,181.47835877799548,-178.99647310967256,-257.89203891708394,525.9403504159465,-187.13899746368918,-858.4975558785503
2022-02-11,196.92882162019427,-194.4394169783691,-279.247783299645,557.5379562421641,-193.44828092213274,-883.5081798553598
2022-02-14,53.93678798585699,-51.90253446687807,0.45400544756354566,57.3432078596027,-1550.0957336548643,-2941.522003416051
2022-02-15,55.86141521805811,-53.820641177197295,0.8371630435823348,56.29848765470883,-1492.6875586956367,-3209.661824872321
2022-02-16,56.081698129199175,-54.037572425605,0.6742763745507687,54.18189419631168,-1573.2870042044196,-2721.4789915700107
2022-02-17,61.46955953251405,-59.4211417408195,1.9808101138522503,48.08757356032898,-1577.5411515819283,-2903.2157105912115
2022-02-18,42.3871365409499,-40.33395829117738,-2.892023573857519,64.40954945360164,-1241.8942320999947,-2425.9223064956163
2022-02-21,66.16200451348718,-64.09505072515726,3.0685593886769147,45.92042887208626,-1612.0604103327535,-2859.711880404868
2022-02-22,73.60061943841595,-71.03815784946546,-225.1186012680587,982.088364303415,-186.17124645816827,-951.0578842273657
2022-02-23,60.51278596629372,-57.94698647638766,-198.21811700494277,850.3285645455567,-175.14073810053083,-845.7241418670814
2022-02-24,61.68088904617565,-59.10631403001397,-211.69222430329853,905.3822945397494,-179.95132732889203,-858.6188236446291
2022-02-25,59.48301733060422,-56.90503320650097,-194.20586819187872,826.8390536525662,-172.05571071695832,-823.2971102582364
2022-02-28,58.93966823917403,-56.33686317803468,-203.43152101685678,885.0124491928806,-174.72194757739226,-840.6975190863326
2022-03-01,54.93196393496289,-52.31856665468584,-205.83424575612128,957.4028940412948,-176.21839874705347,-880.9039058092967
2022-03-02,54.825151352689986,-52.20101865155325,-223.69557346240188,1015.7668564162657,-182.43534382769002,-878.02525514858
2022-03-03,61.93030591393636,-59.29891319606199,-208.6763077735793,971.8584912888633,-175.98536099059353,-912.0269034759231
2022-03-04,63.758868819807056,-61.11844054144865,-203.1850260493516,981.2267366861769,-173.46363400781664,-944.9624818994125
2022-03-07,48.31066619680225,-45.64854997970435,-168.14166470006253,781.2145531562575,-157.57422043506944,-783.0375741886334
2022-03-08,59.13304966173237,-56.46107439293464,-196.7870712800945,891.7243981901453,-168.26370219307765,-844.4676964073002
2022-03-09,66.90368995289835,-64.22958718496213,-194.12602158791643,852.2522329163121,-166.11462967301262,-849.6429821394593
2022-03-10,733.6503349136027,-726.4195891785847,77.3868592073249,-19.206215706167107,-3662.656404137257,3.60398527755189
2022-03-11,56.30368941570765,-53.626519685307905,-167.13071628424575,731.6716259934246,-154.78425315469602,-767.2444200225443
2022-03-14,112.62246847783469,-110.46467958560049,-4.831076000459284,21.254692251616937,-1961.6843616329995,-2754.7420724313906
2022-03-15,121.64223220902099,-119.48118315202463,0.501503833104194,16.149631039008852,-2117.102898057964,-2882.4418600656677
2022-03-16,51.012971030453194,-48.85097932282614,-5.259979858333602,51.590867756509496,-1126.685126008961,-2276.510393665227
2022-03-17,57.68078092126666,-55.5159865381243,-5.923270269414362,61.1111575069536,-1262.8417814233276,-2710.766654287812
2022-03-18,50.78552268885731,-48.6184784573181,-2.8828962018071786,42.25362187792952,-1097.643203447175,-2005.731650678398
2022-03-21,129.35918956347453,-126.6403249566159,-189.1647833692337,540.6351194723254,-151.86793607498052,-848.7030398471691
2022-03-22,92.33538479241386,-90.1530103578626,-3.5197185514734954,33.88627469267591,-1707.2148755902872,-2947.961737172142
2022-03-23,53.981421024451016,-51.797335287381884,-2.5781806693835714,35.44068693101752,-1134.2146558550824,-1844.75432961858
2022-03-24,65.87712196237383,-63.6887587595132,-2.6539813312022917,42.42186760926209,-1316.1372787149717,-2494.788542144326
2022-03-25,142.58474235699614,-139.83605994614894,-236.86006885327427,663.4242891684011,-167.9432624801646,-819.7639605091568
2022-03-28,168.06833858155076,-165.2963952280681,-280.29613288374867,751.6446646721786,-179.87340944947022,-857.3622207419753
2022-03-29,142.8112015138926,-140.03850611388404,-234.28788054713388,625.6708585809538,-165.07474433730567,-775.4044279872704
2022-03-30,171.60344251456027,-168.82842256559417,-233.287070745637,489.65831030850086,-160.56994281707497,-768.7454462652679
2022-03-31,38.90193384975935,-36.688229910420574,-6.384540721201005,54.91329394017037,-869.9944121198911,-1778.420746067331
2022-04-01,52.47428171498356,-50.25239616301105,-9.388358129924196,71.94577528918958,-1024.9839523153364,-2661.6392358017038
2022-04-04,61.63244740223991,-59.39716296118901,-8.455405159782487,71.50728009041833,-1299.338153598277,-2417.4446699119967
2022-04-05,42.58121857393992,-39.769811943511534,-157.72052227544685,788.0910877921183,-146.84850560014294,-754.7706405950329
2022-04-06,41.49803337995599,-38.678244377895126,-166.84379627453615,884.677604379544,-151.54754400535177,-813.2084687727673
2022-04-07,5419.924594066989,-5409.357254862055,-5079.893988847636,-27.17404910926911,-431.99990605522305,2.2678392125559683
2022-04-08,8543.740204178463,-8533.113505907404,-8114.869545698368,-27.33706913697768,-541.7626409344966,2.2583236472681567
2022-04-11,41.369857721845335,-38.515265069729644,-172.8575513531992,913.8177151103674,-152.25385138832382,-809.2801022909947
2022-04-12,39.11674463676738,-36.254188051235325,-189.62216682937645,1005.1214980014395,-159.15722625629283,-828.921553639757
2022-04-13,31.568611444694234,-28.70359221917028,-169.5646156930267,891.3192678120854,-151.0726535763893,-754.9359105969357
2022-04-14,786.5682154808371,-778.4635574805058,91.18628765548844,-22.205126460077597,-3433.7314318851663,3.4672610325533877
2022-04-19,199.87081870686876,-197.5666892797207,-18.167919677923148,20.435063989765403,-2891.554289664605,-2980.795338117743
2022-04-20,826.2322550470208,-817.9319052114142,94.6491209596162,-22.866068320154195,-3489.575702653576,3.439779087695851
2022-04-21,56.776855810511194,-54.466521098809075,-6.979086148652814,48.87214166406803,-983.4204821629689,-2303.225009703829
2022-04-22,912.3688866386965,-904.0033436185404,121.67575491060722,-23.07174033936417,-3868.6859187238065,3.4290199995363664
2022-04-25,-3848.1232828895527,3848.286908128141,3744.520300132201,242.86459096888882,-783.8855153087965,0.017811291291333284
2022-04-26,687.2643651465655,-678.7665685580193,6.391457092027081,-23.527623440464588,-2522.8011714008912,3.4176059318222056
2022-04-27,209.61181571594597,-206.63421924269025,-278.2394932164151,505.8390220843679,-162.69518112115716,-715.9994858907899
2022-04-28,175.31002465192893,-172.3240101337348,-269.8505273548901,596.2605462146232,-162.894168774556,-688.6345251553884
2022-04-29,64.8844468102144,-62.528546138132924,-1.5522396435768793,59.19913423794188,-1288.719140643142,-2280.991693199601
2022-05-03,67.35262754662898,-64.9734301022635,0.35639756689863344,56.63315020474298,-1256.7720527647589,-2513.5802081380643
2022-05-04,73.10348467993721,-70.71805925182464,-1.6956926530511827,57.157599293117734,-1341.6781146808253,-2449.735429881306
2022-05-05,59.688103336834416,-57.29856323712279,0.8066661415171679,44.52614915767086,-1137.0631747392806,-1896.8666416090493
2022-05-06,70.7379633648637,-68.3421826821464,-1.5848985355982774,48.11560120688769,-1262.4647520886297,-2255.104482128468
2022-05-09,51.16026342654092,-48.74632053963618,-2.1347005136206567,60.101116363009375,-1035.8465048852167,-1959.488099337364
2022-05-10,71.99207656184137,-69.57047964895524,0.8492112078821834,55.4200938616228,-1288.1665259230415,-2418.029999877102
2022-05-11,58.10196812865653,-55.67531559931193,-2.077207287668801,70.76455597919553,-1232.6508064077625,-2098.382532084963
2022-05-12,67.31156301676775,-64.8779012538141,0.8261746305337602,52.3284548169428,-1233.3602836709733,-2007.7867030423115
2022-05-13,0.9180076616169154,50.1046746738,88.59248509300902,51.06677454421463,0.020384132604129728,0.0198256182045106
2022-05-16,0.9162645481036462,52.63261047013118,93.13405612134238,54.566957737720855,0.019360346620520347,0.018772865533271624
2022-05-17,0.9290359825800599,53.43731051699732,96.23018858583757,55.44820922332555,0.018870937261546764,0.01831804004426158
2022-05-18,0.9282308380175183,53.249548338019984,94.76570994373867,52.9686258598492,0.01926113286052935,0.018726752535852435
2022-05-19,0.9289510733447909,54.97433737769779,98.85355414952478,56.14935196990602,0.018493802377560885,0.017802112513128278
2022-05-20,1.3693302149366162,41.86810724928732,57.967118464184445,-3.4034398984979175,0.04002589734400039,1.4963540982371881
2022-05-23,0.9429851337391636,55.69700389714771,100.68159876209594,58.096170285200245,0.018067552453667465,0.01753171984606709
2022-05-24,0.9332607082109273,56.518015767343655,101.096413665181,59.18224815307068,0.017868184603913744,0.017498322561179096
2022-05-25,0.9403127118360483,54.608505234976604,97.85008938791755,57.59583541015852,0.018473318978753792,0.017936725047771968
2022-05-26,0.9491757308608443,55.11963229156967,98.30919644189979,57.57953138135335,0.018368367136348065,0.01785065769464444
2022-05-27,0.9459727386261131,55.69381342563821,99.41693001781191,58.30121005760543,0.018182118555163978,0.01766395796155678
2022-05-30,0.953323787971104,59.08816359746471,107.45773876384567,62.41388201458643,0.016961609739644747,0.01645923077210967
2022-05-31,0.9712913872375856,58.68019646750728,106.90858627889301,62.23663554537805,0.01699974347897916,0.01653584094446869
2022-06-01,0.9730591693367032,58.66833854792738,106.81963144076505,59.844018383483565,0.01719724408579077,0.016705490849206157
2022-06-06,0.988748976134609,63.85361121191299,118.45026043443018,68.99846731077905,0.015471783063102136,0.014909328768325042
2022-06-07,0.9813947967958394,63.900700162553306,117.24547870938545,67.77713142242249,0.015613740759332716,0.01515622165924095
2022-06-08,1.4596562795358614,37.45452611306895,58.72445875133067,-3.727243983635583,0.041552566798071004,1.4531836218639334
2022-06-09,0.9868885132781808,65.54476688536133,121.31182306474466,71.21650308985487,0.015019041239629329,0.01475056132553878
2022-06-10,0.9929897360504564,65.41422695271497,120.57243812774728,70.5406898767688,0.015118494945381018,0.01480349323003816
2022-06-13,0.9972947056942723,66.36689149115705,122.162334077997,71.31348440442832,0.014970271369436659,0.01456117136824954
2022-06-14,1.0038905537251217,66.3293021991952,120.97980363680755,71.22016016767303,0.015044915768491979,0.014624583948051066
2022-06-15,0.9941057957445121,70.3766576346029,132.29077135087573,75.71418859577223,0.014024947293636214,0.013523238505139052
2022-06-16,0.9984145801777574,70.67834339394304,130.74333129017091,76.01709138598338,0.014045819147558791,0.013651227000236285
2022-06-17,0.9970707359595942,68.9856358103412,126.26216736357316,75.02921526461455,0.014428212594228225,0.014031678088617387
2022-06-20,1.0081576122335691,73.97704858455273,138.88583897629897,81.43003212026922,0.013285045681566335,0.012816219405869973
2022-06-21,1.0152619659674524,74.92543833373941,139.94753685406562,81.95584180538104,0.013110855797735837,0.012854416892135857
2022-06-22,0.9962272561751561,75.31441495202057,138.47610392215972,79.94928027123447,0.013309336855929872,0.01295246322810864
2022-06-23,0.9773420337682666,77.47543283337266,141.99976513007806,84.2705246122788,0.012884298873074327,0.01261735244087654
2022-06-24,0.9758757463371747,77.78134748859799,143.90488539923638,82.71029788071323,0.012885786619529686,0.012540312203954466
2022-06-27,0.9844767110716519,83.31143839222578,153.57668804806747,90.66728504014787,0.011990351151774813,0.01164956355982798
2022-06-28,0.9931281778247409,79.79330644730551,144.7897291865699,88.04929092376483,0.012558660482151878,0.012208210506609897
2022-06-29,0.9850649633217573,84.49222236278972,155.91383821190337,93.63787128653978,0.011771162318388794,0.011433849912872602
2022-06-30,0.9775434107690018,86.40326937235625,161.3024794112196,95.13137610968157,0.011481692315392478,0.011156044511962955
2022-07-01,0.958254732274111,87.55530564488153,160.38273487229864,95.96423604911338,0.011474885270972953,0.01114159663654899
2022-07-04,0.972443999948199,92.05617915333215,167.80022750077796,101.76334742028398,0.010916220842701527,0.010597055226616522
2022-07-05,0.9621403445016087,93.33249547643247,172.24589407430597,105.33745673455516,0.010680046308484108,0.010291636755170577
2022-07-06,0.9653488135358299,95.1020079199488,174.48464925647352,106.24120796657986,0.01054066249769528,0.01016195612675147
2022-07-07,0.9646375316850513,97.42059778722499,176.39809891351968,109.51371176943984,0.010311831283118621,0.010042447827711708
2022-07-08,0.9756763198627749,98.5489450812468,177.70384411825577,108.71838476452172,0.01029198671002826,0.009920385890513384
2022-07-11,0.9737965824349251,101.66095031863884,180.82916335004077,113.99105390242566,0.009985588899449371,0.009712274536539094
2022-07-12,0.9712999946645173,101.64626837074707,178.13075663384558,110.6132364364267,0.010150771075641366,0.009858395013698841
2022-07-13,0.9659540558154016,108.02008118936523,194.10746838904953,122.592567556368,0.009313997818865362,0.009133923575723004
2022-07-14,0.9671347930076544,110.73373146946523,196.6920753913906,125.79532310653639,0.009181665810206985,0.008844025750101611
2022-07-15,0.9721645452617681,108.49082420298092,193.10148941481623,117.32100360262626,0.009468807954960691,0.00920368699414585
2022-07-18,0.9780612902179349,171.79042051822967,332.3371339971499,1.4114981420681856,0.007813766842802813,-8.579045322382184e-05
2022-07-19,0.9841058649058744,116.04783336218348,202.49589160269647,127.21789177452439,0.008911507304887161,0.008652064707787694
2022-07-20,0.9795564628499505,119.73752751048497,209.7641814620094,128.6252358141574,0.008674503811856854,0.008427865793755533
2022-07-21,0.9627308434634935,185.05345985094166,370.8147055391419,0.25756888053004184,0.007102309393859536,-5.728947441797916e-05
2022-07-22,0.9561839335137791,126.68168042120355,206.80968364723483,140.31563667821717,0.008414873571035722,0.008157455363573811
2022-07-25,0.9587874907188787,141.18008623125684,232.38048190078115,157.70548136807426,0.007514002450861214,0.007276711909938455
2022-07-26,0.9553255149492275,141.37769000373166,225.70932619663134,157.91351918191896,0.007611786706196158,0.007360549949379034
2022-07-27,0.9601411655135733,151.2792285372543,243.73850634086253,167.06986053922128,0.007086094188919833,0.006929633327417832
2022-07-28,0.9475939494672185,147.5123588639022,236.53207003912135,166.7933871220065,0.007259831546202214,0.0070292041027319434
2022-07-29,0.9446651365389385,161.8455027667925,244.13957820242803,182.50628987676615,0.006804027220696169,0.006575425289324765
2022-08-01,1.1140904627094266,62.7636548464467,-48.50354192855131,68.38419873688352,0.18626114019580212,-0.00010998919629593915
2022-08-02,1.1095452921535258,64.22280981963664,-49.57260959447652,52.005431240677666,0.1829632667776409,-3.3484625981904556e-06
2022-08-03,1.116116994900001,65.67258504259553,-50.812722482070754,58.154008013633,0.18038942791425144,-0.00012677726081247173
2022-08-04,1.1062767336500543,67.313504616488,-51.967635023114795,53.94521392195828,0.1768549164121877,-1.5013852636621599e-05
2022-08-05,1.4830082239812037,-1.087922383952705,-2.404005462319534,195.88690058073948,1.9532040602884713,0.022735352381029725
2022-08-08,1.460628398391189,-1.0666181417946872,-2.371858647825431,214.51165123070456,1.9336207795708085,0.020766821589195586
2022-08-09,1.4628595205978292,-1.0656933322360673,-2.378126533668396,221.67584440232196,1.9328265604867363,0.020091387033910345
2022-08-10,1.4541238506885081,-1.0553845573634886,-2.367792162330413,229.26817072285155,1.9240479105052846,0.01942657458863936
2022-08-11,1.489926851902476,-1.0840411835891233,-2.4173270592394145,237.77617990586577,1.966242442248828,0.018715164825980138
2022-08-12,1.511011739573892,-1.101865266763144,-2.4452017848769008,246.7775945661822,1.9952138871511398,0.018024948924444652
2022-08-15,1.4791740617177132,-1.0642636437611503,-2.4103754856131543,277.9339440026175,1.9589917967408137,0.016002307692855166
2022-08-16,1.49955632421679,-1.0767719261363318,-2.445115967351973,290.50993131779336,1.9754997459432935,0.015299245673775944
2022-08-17,1.5206218498234336,-1.0890304543965628,-2.4856564401883645,304.2668667085082,1.9873697864318938,0.01459755321158571
2022-08-18,1.5118425982953476,-1.0742696700001169,-2.485255368088021,319.1809036620548,1.967802830293245,0.013912422153869976
2022-08-19,1.5409570127230734,-1.0914451308567437,-2.536950936396435,336.15300764908295,1.9922214885860148,0.013196083615675504
2022-08-22,1.5644324189847438,-1.0971340316980496,-2.5844605145885833,398.80253671610006,2.015442630286589,0.011106644879452773
2022-08-23,1.5732005881991808,-1.100854576764873,-2.600836681341649,425.2377768902914,2.0193433361498534,0.01041179035609779
2022-08-24,1.5849739935992526,-1.1000834785309503,-2.630233986896574,455.8021143689414,2.0138060665434905,0.009704883455785802
2022-08-25,1.5731555928314098,-1.0800602482825987,-2.6272674211325424,490.7725490977114,2.0009956685352446,0.009008737099468223
2022-08-26,1.053439810559626,158.1982804010935,-130.87794995949653,-1568.3445878916518,0.11139780289362922,-199102.6576209341
2022-08-30,0.7049261153478388,227.36419873652875,-186.56057703380557,920.821029952176,0.08907915896883088,23725.58016725221
2022-08-31,1.1516985435594242,249.70389221576923,-219.57726377062363,313.7326206577711,0.09711964850429998,190726.6504223813
2022-09-01,1.1171529823780095,286.24785307621335,-253.9899850725496,2023.3335694630732,0.09260294050886406,335447.08704659087
2022-09-02,1.2084451369266498,335.8468535638353,-304.16383583790537,324.0278141603551,0.09004752021779687,-212083.76227217025
2022-09-05,1.1780504485727628,781.9351789079773,-741.9193432410382,318.01066388199257,0.07331225325153178,1199943.778305155
2022-09-06,1.0137987668721624,1588.7256743259604,-1461.0956680208521,9468.280652983129,0.02976043245884162,1414598.6573005565
2022-09-07,98.60390189870465,-96.23949675832249,1.2672762312842423,33.46635098071727,-2115.941026608112,-2510.8088204397945
2022-09-08,55.04788379756154,-52.681688934691365,-2.2783847958352776,46.20991090614723,-1192.9053055643633,-2984.0158779857034
2022-09-09,47.44981165487122,-45.081050378849476,-1.355844571960417,40.9525748856951,-1129.9627333118342,-2132.7368395766816
2022-09-12,58.709906934129826,-56.3274527756915,-1.3050563515855669,42.04748579358729,-1261.6884119257004,-2565.655943366846
2022-09-13,1.0810152640182082,41.695191952217385,75.70275418304351,42.953590291116505,0.023763995097578938,0.023122083194557243
2022-09-14,1.075437031956701,43.34289227747972,79.60714951742217,44.606693775791555,0.022734996141205655,0.022347478229722023
2022-09-15,1.0765080869377799,42.9193320691711,78.5218844584167,44.07491415083753,0.023093959693112346,0.022483995334649207
2022-09-16,1.0764150988710783,41.92445085635806,76.22588813920885,43.62654411519701,0.023666708801998056,0.023015726027500575
2022-09-20,1.082769607817793,45.11497989169178,83.88024847800173,47.31340313297697,0.021795703144057918,0.02117557613985487
2022-09-21,1.0821598714951657,45.12136227115337,83.9636601340287,48.186542853587355,0.021645128255835245,0.021266672781993165
2022-09-22,1.1027035892476869,44.110010049958966,81.62338000753036,46.211000230302055,0.022301726058107825,0.021731758842514083
2022-09-23,1.1252033041864669,45.05261335268369,85.29807995989266,48.09456079310171,0.021418065389562417,0.020841644924768053
2022-09-26,1.1610400097563365,68.77716302569381,139.46103880770286,0.05339803940923355,0.01816483121479358,-0.00022848739344860647
2022-09-27,1.2072454612237438,44.76367969724409,84.84324972023414,47.729475101797476,0.021304663466460465,0.02074310253688378
2022-09-28,1.1088462516144557,45.99663796394052,85.99089823645843,48.756163728823104,0.021356281966380865,0.02081565676942921
2022-09-29,1.1062703000653882,45.741670494135526,85.26617317646762,48.733776862358084,0.021532242567376236,0.02095726001196241
2022-09-30,1.0885562186322053,47.85094857527371,89.98473446813964,52.00909570694608,0.020493329256219703,0.01990881311362834
2022-10-03,1.0931639586794466,48.1171699850769,90.23566328407767,52.12992761551779,0.020469897473178175,0.019942859562589833
2022-10-04,1.1025436022317534,48.5602497562431,91.70532347276222,52.643082231692986,0.02021173564470475,0.019639599803425306
2022-10-05,1.1250576370127126,50.211366936822564,96.13778833907112,53.650419249089715,0.01937888388746285,0.01904037748360412
2022-10-06,1.1412455404372581,50.22477258814751,96.70784190157396,55.39225489073893,0.01912551493044033,0.01880152233100404
2022-10-07,1.1486307044033868,48.26102158608255,91.79320532239717,52.60299714811709,0.02014398237306599,0.01959742025838482
2022-10-10,1.181688525944581,50.51140340043107,98.10889737123706,55.93662332285003,0.018938373108131963,0.018466219031835936
2022-10-11,1.1823237205057318,50.104870781192155,97.41511690494316,55.49793246782783,0.019108350678363233,0.0186210808242705
2022-10-12,1.2083346775129855,52.201608250367514,97.27371771935603,56.26040082701492,0.018875079734426703,0.01835799809412057
2022-10-13,1.1805130431641364,52.0637270343207,96.15886370522551,55.66573471345081,0.019163757277626193,0.018634912606141408
2022-10-14,1.19866024779167,53.18092467697186,99.22296980845177,56.91401896518649,0.01863196516111158,0.018127174683732882
2022-10-17,1.1526589541417518,57.31232831037792,107.9722061259102,61.67695619990184,0.01739504245231329,0.016909919521429305
2022-10-18,1.1382390563659681,55.50139998826802,103.07700001790624,59.65078852890835,0.01815271946372088,0.017663603872518568
2022-10-19,1.1092385295139335,56.24882545426138,103.3425245487751,60.57979920644578,0.018108976231710025,0.017613604491147804
2022-10-20,1.1007794486969187,60.13695337885969,112.97323306254117,64.38786028318539,0.01683391760841064,0.016369453869115196
2022-10-21,1.1213427947624848,59.549075288828305,111.50670580100005,64.08277899665343,0.016978234220585437,0.01650714003338246
2022-10-24,1.082117047616366,62.89986005809388,117.92868114547085,69.1077196561325,0.016166793271819736,0.015589051538019852
2022-10-25,1.0709797964279684,62.691170823058364,116.78662683061108,68.32226872997386,0.016314926437388674,0.015869369598576665
2022-10-26,1.0705302896726445,63.83382187941396,119.93014632799202,70.45338900668528,0.015885569269124124,0.015596667104136555
2022-10-27,1.0606782719355787,63.78684215923617,118.96553519956151,70.29834322977109,0.016039686935788475,0.01560965663441506
2022-10-28,1.0497490895163748,66.17025745963134,124.73917418430533,73.24172452496572,0.015451086654736408,0.014884924530342895
2022-10-31,1.0565072743388826,65.08000852368667,120.99415431806169,72.23818669108964,0.015807708071800847,0.015388453727393345
2022-11-01,1.0471990356940812,66.90942860704885,124.35805484174071,72.8776733990983,0.015493697900768143,0.015087220477549271
2022-11-02,1.0481395625669812,69.99898379140771,132.79690218665974,78.1336076744899,0.014627776200919563,0.014090944398742051
2022-11-03,1.0550008354049356,70.3873765806844,132.69904782353032,78.32363365425607,0.014572656700143571,0.01417086536977975
2022-11-04,1.0631335398706634,70.33191725729972,132.99887108991928,79.05201144441742,0.014531080656284789,0.014122550895510412
2022-11-07,1.6263809893758572,108.32323886402989,199.1818256883652,-4.841939747774279,0.013839346974823427,1.1662196458400123
2022-11-08,1.1048348514259514,72.42969168357163,136.46209779627463,79.87708838299616,0.014220303059294467,0.013850393088263049
2022-11-09,1.0826123486392112,74.80507052496253,140.81246439845887,81.82118615322977,0.013838241930068641,0.013563985920573635
2022-11-10,1.0604560092563768,76.93677227333501,144.41118221551756,84.40884121490507,0.013509155305108727,0.013262562709818047
2022-11-11,1.0693848882410044,77.95271525076673,146.39874266349727,85.09161454156391,0.01339017480366582,0.013013194422437898
2022-11-14,1.0650874529493692,80.43649540521966,150.46014546581924,87.82866975000609,0.013060865405158122,0.012699329981669664
2022-11-15,1.0610781646706944,81.81917220173821,151.98384973783902,90.7851650359776,0.012853921470590633,0.012485039026038664
2022-11-16,1.0396268048213215,81.38404182935517,149.92702376665974,90.49668057794969,0.013005157649888924,0.012657034148604907
2022-11-17,1.0432437258417875,85.1215659151968,159.0688798466899,93.63969769466728,0.012426195667497843,0.012000213970144905
2022-11-18,1.0456112633986934,86.7954583376077,164.02323855865947,96.82281087416153,0.01209425328190826,0.011664148374545059
2022-11-21,1.034391752948386,87.8838452157632,161.0090823467072,97.3311037685404,0.01218011649650479,0.011851832059445778
2022-11-22,1.0341505368575086,89.72074792512919,166.26859625295052,101.21941420797602,0.011819808069145133,0.011510786357439731
2022-11-23,1.0174668641726858,91.29893352372727,167.40619956933656,102.62662937475106,0.01171970778828246,0.011410403811003096
2022-11-24,1.0229858143168677,95.25261100534888,176.01853490996547,106.70471663354725,0.011189990806259782,0.010974953750239515
2022-11-25,1.032035131680198,96.18017047317723,178.51859715311775,109.04629355787164,0.011031342668792946,0.01081161325690105
2022-11-28,1.0313768915788333,100.85108659235726,190.46110519379195,114.86856356284167,0.010463247956266776,0.010265667664669438
2022-11-29,1.0307635023997073,150.23376599789313,313.73175811078454,0.0328528438722444,0.009123835069464495,-0.0002082307854952281
2022-11-30,1.0400505482621198,102.26114670466055,184.88254426745382,116.40876033973903,0.010579103547783105,0.010294811473739042
2022-12-01,1.0358102413106594,107.27268317003639,195.93173376618748,122.53381034296869,0.010066795330339487,0.009721826167152099
2022-12-02,1.0450060976656972,105.86213582873145,191.90920868015633,118.41116493082205,0.010282105863133046,0.01000601275836037
2022-12-05,1.0366653735039557,116.57632462439584,214.2266338194232,133.5397015573294,0.009287063639647618,0.008949286910148317
2022-12-06,1.035475107104125,118.13890445770653,214.9857108345687,133.05782871418063,0.009257905710794866,0.008939977938450656
2022-12-07,1.0369588682836925,121.04438717463161,218.45114904204874,136.83987444980804,0.009034305253569887,0.00885611851168108
2022-12-08,1.0406600679607825,118.32451828843183,212.0366973771089,132.6235975529494,0.009325566334464453,0.009070691492921942
2022-12-09,1.044684037270119,125.32686694762157,229.21349527152364,145.0869040981004,0.00867096617605095,0.008369566766268354
2022-12-12,1.0446574253247933,135.85006064821272,243.28337740462115,155.90753620110564,0.008093974151950784,0.007937727652100324
2022-12-13,1.0483845562113878,136.3558748976874,242.08548320000284,157.45918590773516,0.008113573527745976,0.007878940843361985
2022-12-14,1.049384207207628,137.0078494148043,238.59893207749678,155.08361825735534,0.008201610121613896,0.007971677947209389
2022-12-15,1.038950805332789,142.27974268115014,253.4663651561768,161.72170087458107,0.007824225414700398,0.00759743256839566
2022-12-16,1.0442564105131351,149.47079030077978,262.3797463580757,174.12964546126412,0.0074501534268846675,0.007243663950290995
2022-12-19,1.048426351305449,156.567925000456,259.5741414172702,177.80103072699856,0.007381898457405835,0.007167460514541795
2022-12-20,1.0567452950432479,163.4205334555382,279.1582442769604,189.024312288169,0.006950621942691134,0.006741534100044067
2022-12-21,1.0480419833596857,163.7975437385533,272.52330668043436,188.88139919225233,0.007036124669253309,0.006819505559384914
2022-12-22,1.0468912273641826,170.89072164404567,272.72548596244235,196.20745781267942,0.006882917485552285,0.0066801000538193505
2022-12-23,1.0475234007090288,181.23129119601,276.98022075546294,205.22792915676348,0.006649219446001017,0.006443795332184285
2022-12-28,1.4418859192651075,72.82756393924522,-64.36319961929209,68.01439728177988,0.2028185107494843,-1.740561037113749e-05
2022-12-29,1.8369729667513939,-2.0825048219099327,-1.363266890285617,755.7324213020985,2.562610790655995,0.006053291653886481
2022-12-30,1.8351975595380017,-2.0771629135302776,-1.3704242529181045,760.116310930811,2.561849696834663,0.0060166095514644635
2023-01-03,1.8411275011005468,-2.067319438679117,-1.3875011429032182,872.1256011183893,2.6034767032681683,0.0052392681385884194
2023-01-04,1.8116713611241173,-2.037355379599638,-1.3584635671005418,853.5814315980164,2.583851291715726,0.00535227794958983
2023-01-05,1.8385077210185896,-2.0560122258044657,-1.3912221517459236,932.4913881118697,2.6286709495030336,0.004898006427047264
2023-01-06,1.833762760651847,-2.0463548730844594,-1.3860442837511362,979.9761423959295,2.647221793431318,0.004659405588978368
2023-01-09,1.8734831225538457,-2.0652002465562465,-1.44688022884631,1094.1186906328312,2.7191430538131507,0.004170112632050747
2023-01-10,1.8218913408773911,-1.5518478972848726,-3.719880222604439,867.4984221345749,1.01330100610104,0.00523367908885109
2023-01-11,1.7714478076576836,-1.5779761787638606,-3.4175230697422343,919.1436847213253,1.061570084048077,0.004943553200116882
2023-01-12,1.7530852586060686,-1.6182515714679224,-3.1932667793444898,1061.997635361768,1.1259616565036608,0.004280562580741344
2023-01-13,1.7481090438223796,-1.6617641046842024,-3.003353288725161,1185.1977028193753,1.1982341632895,0.0038369562575754465
2023-01-16,1.103856308356722,145.60759593244208,-124.91643166394219,-604.2710011201161,0.13339733278984311,-21149.109438706033
2023-01-17,1.7335628839016566,-1.917472548312644,-1.438429365327476,1535.452789021751,1.8842303343810414,0.002967376554284567
2023-01-18,1.7387011043775435,-1.9150814202081443,-1.3574272477334473,1647.1906315024708,2.0244607217457564,0.0027654350011667725
2024-11-26,1.283283165884748,73.49798867916054,181.17572614692924,107.85213126402041,0.01095109626425444,0.010725962951597154
2023-01-20,0.9859958863298359,190.77744563796327,-163.93080397772542,-273.61155978626283,0.11556879735878599,-7871.327576774654
2023-01-23,0.9222443233092109,251.198484341179,-220.33455651440863,612.7532058810858,0.10468543509425123,15793.673756307848
2023-01-24,1.3816047595529892,277.1201986168222,-256.1312642332357,930.9156530076733,0.11380683211725327,405036.3761666971
2023-01-25,0.8838668321975794,323.50664884158095,-289.62026303932845,907.5389048464284,0.0971703128334914,20753.70345097537
2023-01-26,0.8632751803791486,381.1462683199202,-344.9108098609404,614.7232823270313,0.09235445998571816,13534.926556897986
2023-01-27,1.4119553380192016,460.219172563277,-435.9291840346362,309.64453112359865,0.09940646482646771,-161098.23279090493
2023-01-30,1.265450292399997,1719.9816848105797,-1681.9380045435487,5751.299505742065,0.07360154686101507,818887.3637588754
2023-01-31,144.71250531124147,-141.8100329504365,-269.97925957735004,746.424996840839,-178.5318619257395,-799.1716919222264
2023-02-01,112.17506673246719,-109.27151419980991,-219.46131454856317,661.3030815012373,-163.19449570032046,-742.8342199638172
2023-02-02,42.27145342597057,-39.89317679889449,-2.4248518647880775,41.55821987558696,-1154.6928070482484,-2034.3804333249561
2023-02-03,40.238419447044905,-37.854686523402854,-4.1721387457573424,56.75067369289518,-1166.1688340507674,-2398.4141524522165
2023-02-06,115.32098839579788,-112.37877519353437,-213.96359837148708,618.5611638551869,-157.6489825435862,-712.7329822667912
2023-02-07,118.79091479619828,-115.84357054591302,-193.41276559095053,574.3146320704633,-149.813994159039,-775.0321119968861
2023-02-08,32.09755885757179,-29.688274410923896,-8.103727795350062,66.54638472020599,-818.6147486565606,-2485.0718488871407
2023-02-09,1.215321988471416,32.20752134318097,59.107088756608064,34.001763586535596,0.028540811020784283,0.02773560847493503
2023-02-10,1.2224819508387468,33.91142394251372,63.519068483826736,36.51970002750668,0.026602397646924056,0.02619135244728972
2023-02-13,1.216199056121597,34.59773856242384,64.80077314200697,36.73039854406054,0.026509687411874375,0.025502164490788164
2023-02-14,1.219955990162557,35.506882844659856,66.60930485098834,35.98126535354433,0.026165788435761752,0.025113095799296638
2023-02-15,1.2140382247629906,34.01336296304052,63.399803528783096,35.537780579827505,0.02717629606097049,0.026450979897300882
2023-02-16,1.2187993376352289,35.35731891671989,66.88523913100353,38.27909371211733,0.02574204974661573,0.025017696911076425
2023-02-17,1.2205545311108086,34.133683341827904,63.80411432599389,36.35544615017025,0.026967745809510717,0.026220403959167637
2023-02-20,1.209142122061816,36.41046400677517,69.04557375385617,39.48324610122604,0.025117299387591795,0.024705391307117467
2023-02-21,1.2190905135347014,35.2542959221853,66.48242303254149,37.553568774798464,0.026201180442343194,0.025494985328130812
2023-02-22,1.212992735936834,35.71373473269806,67.69894931209754,38.82004264473983,0.025743247335629372,0.025077828915658067
2023-02-23,1.2122459511102253,37.275586417363485,71.2487390469765,40.94549641606359,0.02447875670459647,0.024111641541918135
2023-02-24,1.216095483364582,37.34876879675589,71.64040283604874,40.951805591143426,0.02443850095852449,0.024038538861549948
2023-02-27,1.2169366470383265,36.46315151996352,69.1070442648315,39.90295961214789,0.025425041687585265,0.024749334537265275
2023-02-28,1.2134931761628898,37.08002796150377,70.68455199743661,39.720826901324926,0.02516184413886231,0.02446159489141879
2023-03-01,1.220287567300955,38.18541254664085,73.76443057385296,42.18999883960524,0.02403754425324554,0.02359353224681208
2023-03-02,1.2207316006015287,38.50091200376237,74.29133908682857,41.506360341809334,0.02411919966784508,0.023483561837318107
2023-03-03,1.2190364886721023,39.6291712853142,77.26389901611819,43.58906930804717,0.023183230570198617,0.0228499100256158
2023-03-06,1.2079198577477397,38.75389193979575,74.7299118977777,43.05958065735853,0.02410605838760654,0.023453009703088484
2023-03-07,1.2004045830215762,38.826031738682346,75.08177803330437,43.101296754516724,0.02413972019524827,0.02349373991192802
2023-03-08,1.1873468709891362,41.3975393359086,81.3164250977267,45.988569887569305,0.022463266699984094,0.022127864255765815
2023-03-09,1.1919140200561815,39.88422617323802,77.2094626500634,44.26624517457288,0.02355733013542661,0.02292130718721503
2023-03-10,1.1738001769459203,40.734344390391314,79.06351925970058,45.56346967490622,0.023068620979918852,0.022482055546974695
2023-03-13,1.1508155712481554,42.96712190730497,84.53848585541127,48.3447866702349,0.021838686513931282,0.02123154462876083
2023-03-14,1.1584868053558812,43.5436669593181,86.42788895367401,48.49886844922413,0.02149620235363564,0.020910505034045304
2023-03-15,1.138832792664627,41.72855694854483,80.96436103125374,47.25188764593314,0.022666968281907427,0.022074876643820227
2023-03-16,1.1371810051924394,43.46360524281784,85.31360948971968,48.95130745815041,0.02164481535050025,0.02124033737380752
2023-03-17,1.129305745266132,43.50525397845496,85.32451224890632,48.73272455005439,0.02175243503487104,0.021182914910665752
2023-03-20,1.133911751405563,45.66611771644804,90.50575222361894,50.016626630676406,0.02071014798434737,0.020355270734194714
2023-03-21,1.1352893009951208,44.57220913886481,88.32514152614503,51.1965732066187,0.02100151435990669,0.020477589031702343
2023-03-22,1.1405745298422765,45.28494736445408,90.31698758115161,51.8803755228568,0.020615587860547863,0.02010215367807036
2023-03-23,1.130967846050002,44.75723573184425,88.7506278726727,50.82596167478979,0.021013705613621307,0.020483823206433886
2023-03-24,1.1206886967112342,46.1963412077625,92.04504616152438,52.98329738448175,0.0203034428085482,0.019787819926675606
2023-03-27,1.1221237303832001,45.86410342287951,90.87198826474105,53.200461994448304,0.020478164333977054,0.019954515179477918
2023-03-28,1.126523338345672,47.14789899607934,94.38900851892546,55.026408269302145,0.019784905486599065,0.019284960772069273
2023-03-29,1.1211343915748242,46.955604116001595,93.64352194478026,54.60962118841677,0.01995475373805927,0.019444695702408008
2023-03-30,1.123494669329539,48.30699868325049,97.24110333626753,56.09630500310817,0.01931939962611376,0.01883909465401525
2023-03-31,1.125377513528706,48.68268383945025,98.1199496545586,56.12649750066942,0.019201771447507773,0.018735494446193983
2023-04-03,1.106080376826769,49.58863674697082,100.32843430328634,58.53392668321853,0.018789187338246215,0.018331568416772002
2023-04-04,1.1077635034600035,51.76751361419989,105.44713726808037,61.1845541461994,0.017951548136116373,0.017476270772749197
2023-04-05,1.109479547211149,52.10195736587609,106.46965518944472,60.396485179966966,0.01791131876440486,0.01743108058570537
2023-04-06,1.107407594584258,51.676899548820636,105.21884189803818,60.39844209508585,0.018056762198454993,0.017609363688073993
2023-04-11,1.1113706425049203,53.64077236914146,110.14536387198864,63.97800333467502,0.01727846758884095,0.01685209871272918
2023-04-12,1.1125902411101516,55.97609260466636,116.09707443176902,65.3899414500832,0.01658856783122992,0.01614833322655817
2023-04-13,1.116014594509172,53.639672021197576,110.07030045142655,63.899261830978354,0.017304310016435686,0.016876529252430918
2023-04-14,1.1244348351421618,55.30331855160364,114.43111325182758,66.59669721182229,0.016665762171614102,0.016229902849329455
2023-04-17,1.1286451203604981,56.49847512442775,116.77522134554837,67.85125201968765,0.016352101842539657,0.015963886134079345
2023-04-18,1.1313012032023457,91.2091320461153,202.64682915486935,1.0174000692691838,0.013333094615259833,-0.00011806656147439476
2023-04-19,1.1403117357205077,57.888158101880045,120.71282588856027,70.66302395825205,0.015829019739983345,0.015413799308145095
2023-04-20,1.13314570315615,57.09333932955426,118.2641754541533,69.31432054489258,0.016150486167368826,0.015737130707884937
2023-04-21,1.1309368888813804,60.68187429874829,127.72386039633972,74.6126514341554,0.015041233226890497,0.014651508379174838
2023-04-24,1.1273239881222068,61.27183468401558,128.85087025067028,75.36898166886701,0.01493341668158701,0.01458188951247034
2023-04-25,1.1191182755756308,63.93136805741744,135.4778401053582,79.203315611639,0.01421881414962507,0.014011224215244816
2023-04-26,1.1206853853795031,64.42970377919819,136.77586982517977,80.13177205935267,0.014090393530435513,0.013882053081029886
2023-04-27,1.1293402110410853,63.46032346513402,133.58036204919227,78.00396340875622,0.0144465056117917,0.014104506741287917
2023-04-28,1.1214839488399093,63.58119187589392,134.0231882718038,78.73175285426646,0.01440505568541399,0.014059990965548478
2023-05-02,1.1147540741041875,67.53554424558716,141.64243915706408,80.87645585070359,0.01377718218707281,0.013450106675061562
2023-05-03,1.1176789725143839,70.64789412329851,151.59243678049035,87.69287537536255,0.01293683297860914,0.012505436452189104
2023-05-04,1.1169773773623448,67.90741217823405,144.24243542333946,84.54783477295229,0.013490258605214642,0.013170448412377024
2023-05-05,1.124452507716636,69.20644567785351,146.1074279049974,85.82898967289599,0.013291290180162365,0.012974959358327187
2023-05-09,1.1265322958304873,75.45044574396975,161.90941861447135,95.11040058445033,0.012104176007279215,0.01172950062996754
2023-05-10,1.1224286916074522,-0.004157796608658758,0.012316740696947376,389.04293737998944,-8.45984990810178e-05,0.010265585467602251
2023-05-11,1.116417778876487,78.61808459592848,168.93499602324937,99.64716054589367,0.011627105218948835,0.011251133130987752
2023-05-12,1.1219884347415197,121.59504280891635,276.4528376246976,0.9286004209008666,0.01005078615893788,-0.00013995219503037948
2023-05-15,1.1265285534564744,80.72564128609895,174.12728590491167,101.9773239724565,0.011311511862695916,0.011053964693395835
2023-05-16,1.1492719758676186,84.0680005002564,181.53159985102795,104.3819334977019,0.010921879388465906,0.010578227052818353
2023-05-17,1.1495139599835964,81.46306025664491,173.05889825047004,103.42781316011272,0.011279803968217424,0.011001360506713556
2023-05-18,1.1638413673909533,86.65529660375063,188.15711149229293,107.71569015461253,0.010551617540699557,0.01028726975503026
2023-05-19,1.167051067076261,87.13247698015881,188.6111961816035,112.00980343167235,0.010436275339781968,0.010113902554632884
2023-05-22,1.1682090540561614,88.86758820796294,190.19259607511,114.40413797892133,0.010291908097435007,0.010055514439306433
2023-05-23,1.179744569597202,93.23327962818472,203.00595411452812,121.65649379939244,0.009669638993322066,0.009522348352745204
2023-05-24,1.1767582914251977,95.84214143901335,209.91032459070377,124.53285611116524,0.009448694588728495,0.009148794080813046
2023-05-25,1.1906047682065035,93.21408121533791,200.8240583546194,120.19599001912506,0.009790773485234076,0.00956404540650119
2023-05-26,1.1914793239285135,95.66496598789985,204.78391922614753,121.6019071312694,0.009619657479936592,0.009391562506777088
2023-05-30,1.1828286124808731,108.13066257447032,234.3948685596247,139.8058615760782,0.008478528743288907,0.008211242043445916
2023-05-31,1.174844401658252,109.58269484165034,237.3002423325315,142.18305993414003,0.008374798900163186,0.008111754937375123
2023-06-01,1.1696463903220078,112.45077373012037,242.83593516264938,147.60273675771103,0.008157288256538466,0.007898516672511392
2023-06-02,1.1714954582227928,110.49425428368228,234.25533834432983,143.75540870437288,0.008384960545523838,0.008188139703404897
2023-06-05,1.177970788606826,120.74848661480921,257.04309498831543,156.6740685761733,0.007684599244045194,0.007509635942877365
2023-06-06,1.1760636833882891,120.76102420998853,251.3718110599969,157.333496913981,0.007771289224411007,0.007581022945451829
2023-06-07,1.1783043842423933,124.8769273114553,265.82438651321695,164.1637043282101,0.0074186064137468834,0.0072502504347568865
2023-06-08,1.178186498136621,130.04919647523596,270.7075576396792,170.79712203268315,0.0072106800552001376,0.007045673493995679
2023-06-09,1.17086177003644,132.92303197838444,278.9048237529919,172.91746540109605,0.0070573644910366775,0.006896400095537635
2023-06-12,1.1718681524136931,144.80952311101606,301.26220964962175,191.45935181316477,0.0065001919862769575,0.0063342787389273755
2023-06-13,1.1765735423241475,150.25211792194443,312.6060553879455,199.57653604805722,0.006271160817426498,0.006079924223629581
2023-06-14,1.1696448445025946,156.58653146254628,323.10232478595896,207.3393229544404,0.006043626475209381,0.005897948685352736
2023-06-15,1.161419613721152,155.21888350102893,315.2502782140424,203.61091018540776,0.006167788144693689,0.006022535393772395
2023-06-16,1.1590535073023007,239.30513693592331,541.6932617794631,0.02272986981565737,0.005291692908105242,-0.00010992427899127188
2023-06-19,1.1563305736237461,179.89118891553076,347.9737654399948,234.88797590908848,0.005480158962883925,0.005340807530744917
2023-06-20,1.1499590821735812,202.11572906080804,368.5100159441485,257.06145929736306,0.0050470359913724295,0.004953441281309673
2023-06-21,1.1542629980020447,207.3005338954072,374.2754658434452,264.61699996004893,0.004942722549618188,0.004847506809949165
2023-06-22,1.1476572088795576,220.02206347602723,375.75976945330007,279.30822679799104,0.004789749365005784,0.004686952186524389
2023-06-23,1.1389250863086853,224.65784519918483,369.7836405270114,283.02651133198606,0.004794641666425406,0.004657836044613256
2023-06-26,1.923672904662877,-2.1468920145212786,-0.0556572231263032,1142.9950600021816,4.178531555193615,0.00378303824686914
2023-06-27,1.9169751565047697,-2.1539153984515336,-0.045178941370169624,1225.1499101106642,4.092958455053625,0.0035291640235318306
2023-06-28,1.9197146906513936,-2.1583780720530745,-0.0014926700323904768,1238.3545297911915,4.199737885367968,0.0034905361133207224
2023-06-29,1.9233589088876912,-2.169077813800888,0.0006055359337368627,1273.5150353350884,4.187525969969931,0.0033935480221604602
2023-06-30,1.9205494634556266,-2.1749297437667248,-0.0006948646509536789,1261.271916563408,4.13256621038147,0.003425782992053452
2023-07-03,1.9219775525878753,-2.1990505352282277,-0.0001645446760479741,1501.3820611129688,4.049269049079606,0.0028762836899136474
2023-07-04,1.918685444849378,-2.204042579212821,-0.0009074657314492163,1572.90877933538,4.015279281600337,0.0027449255187266645
2023-07-05,1.9327539819467068,-2.2257850392166834,-0.0004458311712331781,1576.0581294078438,4.0222819671945205,0.0027388284464563775
2023-07-06,1.978371928989734,-2.275445878010392,-0.00019272739231794426,1745.5462419699518,4.119562088838975,0.0024722549738092517
2023-07-07,1.9889786257179938,-2.2929960764462707,0.000442609134899055,1839.411899114146,4.13351735763369,0.002345443554730524
2023-07-10,1.983055073890823,-2.320148025834777,0.0006070140679749691,2139.1939416455357,3.9971141579127294,0.0020154901855125385
2023-07-11,1.9510778095965104,684.1393456418026,-352.5059760537073,-4.808841851043159,0.011357129196426395,1.6104309680580555
2023-07-12,0.7311783976846078,315.1742180067145,-183.80950773156295,-479.59665993332203,0.028986701366239376,-8177.321085467489
2023-07-13,1.3336021927280668,285.54519472589647,-212.1802165104256,-355.03497244896744,0.041876668537253296,-132948.97703986248
2023-07-14,1.33168008925528,311.68198006920267,-234.53861152080438,331.75415892468817,0.039980408012490226,138791.65556326008
2023-07-17,0.25792533763648984,881.4367039374225,-401.307128947644,5.058853112187223,0.008342205129425465,22.77724559164743
2023-07-18,1.4485028775524111,509.40240888837826,-447.0149452110904,-954.9713703962769,0.03831881681171712,-436742.74657586263
2023-07-19,1.2943816613507377,671.89307238659,-566.8331638316012,2342.4063712541783,0.029620203652882853,511395.79039680195
2023-07-20,1.2914803383079627,950.1827518599117,-828.8460631959337,1095.4267940882405,0.02625503977708065,255503.65432603352
2023-07-21,1.2269616297283825,129.21111866480274,197.476941041205,139.92544400426743,0.008194597632414967,0.007941623902594383
2023-07-24,1.225159965371524,138.05649510363722,207.76398949145508,149.16487307032403,0.007729569671143879,0.007529799203400746
2023-07-25,1.2266467525292575,141.72440645951528,210.12761112531416,151.2745383232427,0.007629105010079094,0.007364289362992901
2023-07-26,1.223978054856202,147.8544644886356,216.65201000288826,158.6323707029478,0.007343225376780624,0.007089859642917193
2023-07-27,1.2271679983283312,149.85570422666214,213.80535604945808,162.28768723006112,0.0073110745904769806,0.007050981951907554
2023-07-28,1.2284377653091985,156.3426550019701,214.26762382563012,167.8164994541468,0.0071427349640425805,0.006899411800722088
2023-07-31,1.2218779236290762,175.40440238388098,225.061931844798,189.86018120584862,0.006538841700389689,0.0062905079010372265
2023-08-01,1.540405555764979,58.42982360911836,-50.610766027481866,59.01320187383466,0.2124339038855393,-0.00013854086019730036
2023-08-02,1.9958618261885128,-2.068303705396543,-1.7682270064362502,162.9469587698961,2.6307676761239938,0.028266035439078015
2023-08-03,2.0240786439381084,-2.075949480908575,-1.843326158004264,167.4721207070916,2.640762766195659,0.027456879984924843
2023-08-04,1.5379969752879483,62.607323346208645,-54.24126282059446,47.509551220843214,0.20294489367518387,-3.69317417297373e-05
2023-08-07,2.0066539817726228,-2.0217232235692104,-1.9293750349655316,187.99952413321657,2.571785436375639,0.02439455742255059
2023-08-08,1.9841964178225293,-1.9934407398562377,-1.9252498868778463,193.94714055557841,2.540328437866829,0.02363883551731251
2023-08-09,1.9805440601313322,-1.980053951112441,-1.942558689610851,200.38142704443592,2.5298226330429143,0.022863057398346254
2023-08-10,1.9794782636493673,-1.9672326179389379,-1.9685227543067965,207.3054170260758,2.5195428177436194,0.022079956430320978
2023-08-11,2.0147076273588356,-1.9824752127430085,-2.049561385225072,214.8510019723065,2.527352843850528,0.021271989782642595
2023-08-14,2.0122562436930016,-1.9393205759227137,-2.1480406165263313,240.98377578053294,2.4733666433988533,0.018912975975475543
2023-08-15,2.015531043323345,-1.928173084159009,-2.1839200273334294,251.27181603199827,2.4614182225213868,0.01811913977506307
2023-08-16,2.023045631643339,-1.9205467366163889,-2.224306701395636,262.5031985372242,2.4572990463042705,0.017325172277491183
2023-08-17,2.04411451201062,-1.924205230453983,-2.2823179085667875,274.86855778941424,2.4609770625387997,0.016524617156791644
2023-08-18,2.0356726198354442,-1.9035509264120385,-2.2957151168314702,288.3803035005075,2.4474466099831855,0.015736179024985655
2023-08-21,2.037773672833231,-1.8540683003242502,-2.4114490951377094,338.7723487767944,2.3994304351990903,0.013349805681001851
2023-08-22,2.0194859263910168,-1.8194638844423865,-2.42797236272652,359.78371532558873,2.36774225350176,0.012556717316159581
2023-08-23,1.4772235165028884,123.34972263223149,-108.63423348498375,-256.0925960154687,0.1388760552996766,-175342.24012809378
2023-08-24,0.9075945794348877,135.02646917678737,-108.02343391275639,-384.7863388070726,0.11689856166645005,-8200.57625422769
2023-08-25,1.9605021680694175,-1.7056770056250237,-2.4754556338392493,442.45206805184915,2.2740969752429065,0.010174787899807447
2023-08-29,0.8923573150924271,195.8924858164711,-164.02163184898836,442.542910646698,0.10103075673062183,9232.215783924534
2023-08-30,0.8872011687906842,216.78609267393412,-183.60546757359955,296.523219759815,0.0975237303714047,6148.259728410489
2023-08-31,1.4242676358358581,238.42081681799195,-217.61215004848586,-1701.6298808717681,0.1071270713679725,-521900.20298490353
2023-09-01,0.8827841382749771,278.63022937211133,-242.4706803227891,1092.282614591105,0.09014295461422793,22571.56770208777
2023-09-04,1.492541355310528,514.7216669371988,-489.91273786347506,-1180.8656703836243,0.08709512243986839,809311.8866827942
2023-09-05,1.4730153130111643,752.4070134935774,-726.6265200076266,-568.0341989026426,0.0814462096862948,-264533.1295204659
2023-09-07,1.2798370544233844,40.756201762622396,65.95704080740904,40.40212714510588,0.024488339540826333,0.023530166991464315
2023-09-08,1.2718461930873313,40.481014780653545,64.39598316896422,37.91315498623232,0.025253493297804967,0.02446242046994291
2023-09-11,1.2746320481125364,42.35353175085892,68.802219993332,41.724035021533425,0.023686064889782067,0.022934813963290945
2023-09-12,1.2675936833627286,43.61370666876345,70.94390810133613,42.37019509464326,0.023143430048659798,0.02242167282134065
2023-09-13,1.257318880584033,43.51583756581377,71.093860395086,43.23605770867505,0.023103019765721287,0.022392098832527234
2023-09-14,1.2466248041682033,43.93138550339063,71.47353976208028,43.74863755548514,0.02293863311348165,0.02248487634939211
2023-09-15,1.2552036930003092,43.51564853013075,71.08837214438046,43.774172984832596,0.023102524411007193,0.022410958084230617
2023-09-18,1.255071359212115,44.62273331371702,73.12393243443645,44.80464484329521,0.022619999952814624,0.021934507734314546
2023-09-19,1.2495426332741153,45.54133256317253,74.80624962769936,45.49223556001761,0.02223173571761014,0.021565607461346725
2023-09-20,1.2403838129226865,45.15910530003448,72.96420614457006,44.142935486441814,0.022805438722797052,0.022112437133337687
2023-09-21,1.2430943753991903,45.043174159260786,73.32000470023706,45.25347463967844,0.022642387700382127,0.02195760936825547
2023-09-22,1.2413841126309733,46.27016316111239,75.72054571902005,45.711572668674016,0.022126619492664267,0.021469304406404485
2023-09-25,1.2464543471071468,47.194479395261546,78.27124900145401,47.921333696971686,0.02153102619927488,0.020720916419365836
2023-09-26,1.2463260678975439,47.50384205770374,78.07869543091255,48.05338460127288,0.021488372769952243,0.02084631987274113
2023-09-27,1.2432488502640306,48.55979558855415,80.51380680848628,49.00137480388024,0.020953990251565385,0.020506096386737237
2023-09-28,1.2614748295844986,48.5839818882584,80.43121128042927,49.44769364776415,0.02095844853587696,0.02017502098673919
2023-09-29,1.2499080804440956,49.512172479610484,81.9080360801779,50.57930905264965,0.020640321042656323,0.019846977968488964
2023-10-02,1.2606957738580202,48.45880065178446,79.50399229000374,49.02764399026637,0.02123952676071,0.02059759304694322
2023-10-03,1.2633327200391857,50.28001327782603,83.62294083945898,52.20944375777981,0.020219672684744987,0.01962817994043795
2023-10-04,1.2617391615552085,50.62813085386702,83.98486560034118,52.18765558439452,0.020188699150519178,0.01959101084079277
2023-10-05,1.2568409241150063,51.8042750885624,86.93699342344848,53.73122871276634,0.019653932049673747,0.019042939118220057
2023-10-06,1.2630945642958642,51.43913703097718,85.58065282292584,52.48863574848382,0.019958861836061742,0.019374039252496783
2023-10-09,1.251789702682688,54.15412631210879,90.66953436089915,55.957677778379015,0.018985091433625714,0.01842319040320763
2023-10-10,1.244762045291218,55.05839839350952,92.5714607074033,57.61132029796995,0.01867590137918624,0.017966168782015696
2023-10-11,1.2591573374876965,54.929787488932824,91.9065931520525,55.912865592246526,0.018832956229984196,0.018416031271701522
2023-10-12,1.2677055493389557,55.14611408895051,91.3704686086516,54.67237155548159,0.019018946694826826,0.01846410750343923
2023-10-13,1.2643242510670973,57.449944631943026,96.53105552393843,57.39553524568264,0.0181523918903647,0.017596893412620305
2023-10-16,1.2706259945462246,58.392803057538146,97.8735310325855,60.09337937740449,0.01781816001592585,0.017267382874743876
2023-10-17,1.2735314563230988,59.292103712556546,99.74392001693539,61.05139310184879,0.017532263216432947,0.017018704388630547
2023-10-18,1.282741916358223,56.63319350469247,93.98471649003582,58.019951327406766,0.018509988109901742,0.017939556565654498
2023-10-19,1.2866154372420482,60.350513362195535,102.42193616369714,61.9184711606437,0.017203030077064717,0.01668556213393778
2023-10-20,1.2885664530617775,61.001660604596246,103.38304802398908,63.27369930103493,0.01704133343431735,0.016393607341792852
2023-10-23,1.2791590731837619,62.44664817953972,106.86480161526345,65.0852705213087,0.01663739262382552,0.01613101454171445
2023-10-24,1.2703959647460576,63.22406958567715,107.44038681242205,65.76439537004121,0.016549355230458685,0.01604201020478262
2023-10-25,1.272121204748792,95.23451014267566,171.20212200725052,1.4890647907015873,0.014583974663084542,-4.4813665208087716e-05
2023-10-26,1.271047830631475,65.11772434646409,110.75416801761496,68.2462435608019,0.016038636219994188,0.015718984019603238
2023-10-27,1.262968663578467,64.16151768761702,108.40846651524929,67.76100527082734,0.0163801212931303,0.015914043447096477
2023-10-30,1.2590375932867963,66.55990001029717,111.83196607282449,69.96829590650945,0.015956295256848343,0.015483005070236887
2023-10-31,1.2502322930299554,68.876735801236,116.87169177287427,72.41430798262608,0.015402335149343537,0.014931707622371577
2023-11-01,1.245187135748227,70.19689893677098,119.64198803150013,73.717225692846,0.015118085211186358,0.01468329654985519
2023-11-02,1.2338794489974525,68.70679878510028,114.71774891338214,71.44053485011968,0.01569194613952066,0.015221884983032962
2023-11-03,1.2219953193517972,71.5503266138519,120.64731940539639,76.07102823152664,0.014929345417151303,0.014589238758940266
2023-11-06,1.2241236875000943,75.0115364924813,126.6174481548158,79.1232516747349,0.014361009894941563,0.013958414568339836
2023-11-07,1.2124212830452124,73.9909787294571,123.81986578918364,78.96788828392495,0.014620237668759781,0.014199340134985207
2023-11-08,1.2051514573634408,78.23050042467466,132.31742857575983,84.04183918748919,0.01377749556337567,0.013366363205829061
2023-11-09,1.207314453751037,78.68811890009711,133.36904153961677,84.8603247006881,0.013690383873432684,0.013282674919076276
2023-11-10,1.2102458096938828,79.49019678205882,134.90250249306882,85.3820964277012,0.013579956031537867,0.013171103173995528
2023-11-13,1.2052622065152676,80.1238996322356,134.135534016232,85.3634777817541,0.013665014293031207,0.013270291043255087
2023-11-14,1.1850382626355014,84.38662146924715,141.95507208997054,91.25635404417906,0.01297310771962764,0.012501594097003616
2023-11-15,1.212009639674251,83.47297491501502,137.83232084317248,87.09006134529105,0.013317345771158732,0.012919039344676432
2023-11-16,1.2019281670269564,86.543645849501,142.78906469279008,89.29926647944858,0.012925625330114845,0.012539601290646999
2023-11-17,1.2004661883853558,88.77783129555358,149.89040138719446,96.07753842485855,0.01229462539257648,0.012047613571216635
2023-11-20,1.1978951270176375,89.47020456081391,147.0849213816037,94.3472032140666,0.0125444724248783,0.01216563099115489
2023-11-21,1.1944572611701643,93.7493449879847,157.1859988013542,102.09271631181281,0.011755570609144816,0.011500717526266448
2023-11-22,1.2033854507416923,95.5102109800185,161.993116981028,103.96153577100092,0.011542440702779414,0.011115935017891187
2023-11-23,1.2109856115379778,94.57722090821335,158.26415450902437,101.49773369831021,0.011759862681934716,0.011419281820115066
2023-11-24,1.2152930060511224,96.46675088656309,160.9775815837811,104.70726230049337,0.011521367720491803,0.011191636385615508
2023-11-27,1.2047949448290898,100.5646511443015,165.45889652100323,107.23832466133567,0.011252751315654898,0.010920618746753657
2023-11-28,1.2009707194327441,104.02731469098951,172.55593084382002,113.88289667891969,0.010786039678335236,0.010450882904817731
2023-11-29,1.1949547884064524,107.51338260669384,178.63441423718018,116.40027241091916,0.01048451322865873,0.010161021969640655
2023-11-30,1.203965311216375,106.22545706815632,173.80611263647762,115.38158316040439,0.010681823978627073,0.010366079187032652
2023-12-01,1.2042432760268285,110.1737357688148,181.09580373768804,120.71930321205672,0.010252419647791536,0.010008553717094608
2023-12-04,1.206646880785728,119.5062832976478,194.9351994996597,129.88308201162747,0.00955063894760497,0.0093410078870878
2023-12-05,1.1912005007074709,116.86452860705568,186.93165253226496,125.77999929743454,0.009932794223615012,0.009627483740575399
2023-12-06,1.181602612031861,118.36283020616,187.95778411384504,127.67003563209838,0.009857675982709087,0.009550155168017289
2023-12-07,1.1832763494975571,127.8106546960381,204.92668600197183,140.92659415669357,0.009067786505220908,0.008717720142636519
2023-12-08,1.1839460871228775,130.82818995336325,203.36291055729595,143.9884480066005,0.008979881292442208,0.008690712621213936
2023-12-11,1.180679642957533,136.95428151484052,210.13882544757672,150.35745851517171,0.00867324272109631,0.008406924478475587
2023-12-12,1.1681813075876826,142.47279377830137,215.65605506890958,155.6011110389821,0.008424700008351334,0.008145035045003541
2023-12-13,1.1507473690566976,148.06392805680977,222.5069534503204,161.55464596287,0.00815458479879778,0.007884670218056207
2023-12-14,1.1429590408462433,153.6397358973593,230.54070872271106,166.71982117577355,0.007869640002392266,0.007682888532021143
2023-12-15,1.1298010873748348,155.19342628374585,221.39641198916593,170.38252816523627,0.0079712827704766,0.007699501749958275
2023-12-18,1.1205056563678593,169.69609780783645,249.29072871453369,188.90205667223222,0.007185521342857081,0.007015229628530497
2023-12-19,1.1138246200539093,177.3994901819679,238.1326745317523,189.83089802876492,0.007251724122866943,0.0070079808047209475
2023-12-20,1.5032710452528104,60.38486986992354,-52.76897691546704,65.41266686321067,0.23247762787512707,-0.00012350745931932118
2023-12-21,1.8314076738808789,-2.245218117861097,-0.8255853090728178,595.0952252020332,2.5355759585373803,0.007743181141053443
2023-12-22,1.4966925576172412,62.850967962052835,-54.88989794919328,49.80865810145436,0.22668170301348492,-6.70887230885895e-05
2023-12-27,1.4783952152986195,70.17099875157446,-61.20810199392812,59.47428519610938,0.2118791263991944,-0.00012734793494936596
2023-12-28,1.8450842639369063,-2.2455661949211105,-0.8242725123713123,730.1973622012579,2.624072792103495,0.006299650567179186
2023-12-29,1.4946761567428857,73.43471801038746,-64.3884675103858,59.3759859719472,0.2077436194969907,-1.738785677784625e-05
2024-01-02,1.8984405944561102,-2.2833318721393114,-0.8783794367890739,860.4339402970047,2.7129859470215156,0.005339401008179598
2024-01-03,1.9164055063979075,-2.2967619866682343,-0.8789008282064645,878.7902635869527,2.759297324903116,0.0052261740423583045
2024-01-04,1.923421261806646,-2.3020203797133956,-0.8859856762842977,905.8425658310442,2.769897319610489,0.005068695427698573
2024-01-05,1.9279449804985234,-2.3056158194019645,-0.8867900822639028,960.4090292189104,2.7780694627487383,0.0047791468716686415
2024-01-08,1.9421658876558183,-2.312148560488189,-0.9049070694998218,1083.0024926801602,2.805081701216484,0.004234625977502942
2024-01-09,1.9452327820707798,-2.312856433189117,-0.9089344046999737,1116.5374180753936,2.81279607293769,0.00410626462816271
2024-01-10,1.9013381168634347,-2.143947459594787,-3.703325690658716e-05,1004.454393549943,3.7800635358734302,0.00455510719217689
2024-01-11,1.9190826993357057,-2.1625450908648802,-0.00017899843799768674,1066.905075857651,3.8478457741080407,0.004287851669786683
2024-01-12,1.924384929043172,-2.1697810428716604,-0.000212313200385561,1137.158222319092,3.8937421517185333,0.0040221860661037
2024-01-15,1.0488163177214243,140.22357957785832,-116.15619290535749,-195.88361551999563,0.1287265681404397,-4913.44747608072
2024-01-16,1.0418757083602284,147.66678727804498,-123.149705294311,-726.6497106730371,0.1266762070978228,-17713.866234414952
2024-01-17,1.5536582136170967,149.63659443442688,-135.32988397488091,109.07335256442147,0.1497880794401965,-5.1966283317632535e-05
2024-01-18,1.000328825905048,166.49028791778082,-140.1079670661058,-1639.6274700588046,0.12041549808860001,-35726.38886546458
2024-01-19,1.0315857326079736,177.06645298852672,-151.15064754779462,-406.4251812361938,0.12034832272211587,-9499.648000982645
2024-01-22,1.015305125446907,225.51409517745964,-197.69650443784633,627.216159579301,0.1129906934586653,14278.034838347345
2024-01-23,2.8214526340210018,234.6502744828931,-238.72192217252814,4843.51802726032,0.1651414623443393,694973.0562239718
2024-01-24,2.6019051188397184,266.36230723586215,-267.0902414047074,-539.2994220960773,0.15409266240410252,483608.7382643549
2024-01-25,2.3081417324198803,308.6158294257793,-304.6790499653646,555.9287277733995,0.14181788931234834,540402.3316494698
2024-01-26,0.8680202810285977,378.0878998860928,-345.77585350980985,-1491.2717049805176,0.10049728409866525,-14653.374810029518
2024-01-29,1.5088707161145476,877.301424894173,-854.0149970795949,3436.3332529317454,0.09826487603138669,666133.3991425973
2024-01-30,1.6131255735810128,1709.2406074321295,-1690.2702357531944,-1435.150986021778,0.09657854246727353,1505865.3141199907
2024-01-31,1.446533379594648,19.71050549868555,32.97212481980819,20.267819436623746,0.03887775111945532,0.037780447346311585
2024-02-01,1.434974243913171,19.67034250113992,32.81096632768217,20.020971475627732,0.03938795188575574,0.03823602701647604
2024-02-02,1.4515161262849146,19.852973287171665,33.228751694315655,20.206847762319725,0.038752896549049495,0.03761110385674583
2024-02-05,1.4549110155764036,20.488334563561168,34.95404223571227,21.445390568191346,0.037002337491393984,0.036218488238742026
2024-02-06,1.4385083342341292,20.855345451912775,35.64260568063704,21.387067523873355,0.036922340630782785,0.03589989438678171
2024-02-07,1.4346804681079044,20.30855629322527,34.39037314771244,21.104460271148973,0.03809738253752083,0.036980689847002944
2024-02-08,1.4404399385591076,20.735289068945864,35.202420980040216,21.223523047851376,0.03741444128210053,0.03631446035558394
2024-02-09,1.4393271511060608,21.3018675962962,36.547408366987305,21.897876516381505,0.03628469547554292,0.03528419421971977
2024-02-12,1.4270145378829604,22.281830790129963,38.731876979106616,23.21753105012364,0.03466932036892641,0.034094765830486415
2024-02-13,1.4293801797307015,21.64274044652357,37.48270190534022,22.774879669268394,0.035826877061454154,0.03482180592261726
2024-02-14,1.418922742891517,21.93335638362036,37.77623976339843,22.62668974899316,0.035894409486722845,0.034831721718859184
2024-02-15,1.4168167334338555,22.3226831886778,38.84986959747653,23.537709011567,0.035010679360643164,0.03396851707143855
2024-02-16,1.419375227841905,22.752493634506386,39.82906260909261,24.500371253711673,0.03399020936099423,0.03342054220740887
2024-02-19,1.410525304521986,23.245471856909294,41.01650238887153,25.198653654544547,0.0336219584771718,0.03263779063761485
2024-02-20,1.401488440037578,22.299656795642715,38.804366647049235,23.8278028899814,0.03565554587411739,0.0345948395902758
2024-02-21,1166.544098908461,-1163.7900551708915,87.54990229397714,-88.18199586644101,-1524.8369737262196,-137.47216732395535
2024-02-22,233.20843760493605,-230.45282751331172,-236.10152499257578,175.01287253394455,-162.7796519575475,-820.2814394097907
2024-02-23,85.08525383988339,-82.31793861959638,-189.79748447198432,682.6768325317562,-164.8985192594524,-818.3624330266366
2024-02-26,1.3843071086167515,25.185222610733057,45.17042423973319,27.249111937650486,0.031751349802925835,0.031327791590273504
2024-02-27,1.385260686877206,25.137354430385866,45.235244975128,27.823859930425005,0.031923387568916314,0.030645682599616503
2024-02-28,35.130112709640635,-32.2374273132723,-150.64513135520286,784.8755638001172,-153.7196388488278,-815.7099828994911
2024-02-29,48.94817798868717,-46.04963604790915,-166.41539896838364,759.9632854296631,-157.41578216666684,-792.0382913463285
2024-03-01,50.04502454543657,-47.13692517719819,-191.8295879345287,881.900168043674,-167.6674603325431,-830.8758536448535
2024-03-04,26.47410390745546,-23.556216872280512,-136.86081791134262,801.8312665165371,-146.44376155801362,-824.0958412162607
2024-03-05,65.58967761450569,-62.658135724087224,-190.20611353250735,881.5428673556584,-163.33284312731476,-893.8269100629909
2024-03-06,60.949338904035194,-58.01333688500894,-166.27918967748232,800.6910490769222,-153.14139565552398,-877.3136717828206
2024-03-07,69.51943519083811,-66.57232320255653,-187.26481601797252,815.2644711679455,-159.63988658026102,-845.1437237553222
2024-03-08,55.95662556242928,-53.007123580495254,-186.87813578819407,811.4426865827301,-159.5462214190475,-773.4228854323477
2024-03-11,62.22117928606072,-59.27022991211048,-175.24555355878002,776.4466072324927,-153.70199742961213,-803.7884856033944
2024-03-12,70.71766734173599,-67.7612266688364,-203.7833728265177,876.3106495679982,-163.83252945132244,-839.0507279797698
2024-03-13,76.48598214097048,-73.52726369294295,-200.02254551334138,905.6664878898708,-162.34660095663588,-911.6987769614376
2024-03-14,58.13629458460064,-55.17891780832087,-177.36322888539948,835.8211290550508,-154.86246398833546,-834.4366006947395
2024-03-15,31.32080836544138,-28.362039414820096,-155.31172468490243,792.9019899929449,-147.77826721006807,-739.7936672008325
2024-03-18,-0.2613427087886278,3.232894691238419,-165.10190557940794,1090.1338875061938,-157.2328427271636,-846.1063394541827
2024-03-19,33.94450184944254,-30.971363178529593,-173.6316739430672,1001.5204878436647,-155.82845857233065,-883.1264319748548
2024-03-20,37.355298482862736,-34.38258393919321,-153.69968745718433,881.5010083760002,-146.2633004681158,-852.3530018405581
2024-03-21,30.69305852641177,-27.712349952307623,-187.19198153123972,1043.2360297928396,-160.24655362330358,-857.3038399644294
2024-03-22,37.727122283918774,-34.7490154276738,-151.72100754678405,852.9858500937759,-144.21761746785847,-826.7794032117567
2024-03-25,-181.43344310070722,182.2168687056549,12.51269092746342,150.51635830711066,-3137.748988862523,0.025717339737708417
2024-03-26,180.0418459377686,-177.04522711654215,-248.8878134074689,496.58689323088976,-159.5921278854747,-734.8404951809111
2024-03-27,120.88912784904089,-117.89073553578298,-215.82852450180837,630.6823962918801,-154.76709051889407,-734.1775776568646
2024-03-28,125.11919713379393,-122.1121930801649,-225.5164427641366,738.3846012110208,-158.5649331307426,-837.8601334052322
2024-04-02,25.93139880550854,-22.901259956189946,-190.64031524718578,1059.3245798583287,-157.20509874375884,-815.0341498838582
2024-04-03,26.099833286299766,-23.069474747339648,-161.34673434541978,903.225158206476,-145.08649620223994,-762.3209935147133
2024-04-04,30.16488177869957,-27.12563651554299,-188.6351277573081,1021.1959099903422,-154.83630498563795,-798.7350937026513
2024-04-05,28.269517329792233,-25.224868467762974,-192.67389875581455,1071.536230404511,-156.67735647246246,-821.3053591641643
2024-04-08,26.594172201758667,-23.53077902337076,-197.50224346746438,1084.1013043948155,-156.93712869775223,-803.9341248788045
2024-04-09,35.861631180077154,-32.7988020167882,-167.054608206416,904.8259232765575,-144.05428825198044,-772.5639120932556
2024-04-10,27.92125556549481,-24.8474734615483,-197.12328359859492,1078.630127133298,-156.14320114668084,-802.047780541827
2024-04-11,28.730198986298767,-25.65733367559431,-160.35279270675878,920.6968089644673,-142.1882806181915,-776.2682727819935
2024-04-12,25.474409910863887,-22.39567602340956,-161.53741051691102,876.6583542371241,-141.57604717066909,-716.4045716509788
2024-04-15,15.628279250063393,-12.52660616405741,-173.7590531038358,1021.7849560788856,-147.07937605119778,-761.9082362826698
2024-04-16,19.03429067510811,-15.929144864369409,-153.2561863265241,871.8041071103909,-137.73648789092968,-702.5507200361951
2024-04-17,15.774288918376897,-12.65246246116739,-211.2000195668242,1241.733411144452,-160.27048141069142,-834.0906607908543
2024-04-18,11.729757337929192,-8.611282827841869,-165.3028489855083,953.1864004809254,-142.77788358717083,-708.8775849268211
2024-04-19,30.021455370708786,-26.903301512252447,-142.89559005735242,754.1002141367547,-130.8867914804272,-666.4646001643001
2024-04-22,54.523527108720074,-51.37896367904837,-169.66829125484313,846.6459557792955,-138.25185454182684,-764.5641406675799
2024-04-23,45.29872026625743,-42.14160331123208,-199.22473110394586,971.3007389733351,-149.16576497236895,-742.6412253719589
2024-04-24,48.84225059810449,-46.287670895330464,-4.375237290057537,47.41976886330113,-1161.6274002662467,-2690.2178238448137
2024-04-25,46.780037791617524,-44.219855357581764,-5.707713288747242,52.82614615715533,-1050.9772897331843,-3048.9377732303797
2024-04-26,56.616479090554456,-54.04989898837519,-5.430010627861316,49.45460595946881,-1310.22465231445,-2744.6549239839583
2024-04-29,58.57045131917027,-55.98780058574912,-3.6879984899637366,46.757428068785565,-1361.9610083228092,-2532.7555412234947
2024-04-30,20.857035411766343,-17.600645368438865,-167.0847738072286,958.2120318768092,-138.35184264267423,-711.6731864895612
2024-05-01,27.849300258988492,-24.58685903463594,-165.36210791764486,958.6558990751302,-137.1511263494108,-741.2875170069383
2024-05-02,34.50564146067607,-31.242760269196314,-162.2895091360293,924.4824065686793,-135.32455160966055,-748.4203292944592
2024-05-03,25.56427982910485,-22.288581465854374,-177.19706378906645,967.6197833664357,-140.2421569631829,-703.382087287927
2024-05-07,53.32022061734945,-50.01516392801148,-188.52237745296597,962.3898271829497,-140.62721139899938,-762.1921647866428
2024-05-08,115.01226289076683,-111.69476898510267,-246.0332711789788,888.3100179333553,-151.5658464461136,-760.9263150898635
2024-05-09,107.08169991733745,-103.75788504411997,-232.1337979253194,822.6097191927157,-147.0057885599696,-712.4133814476542
2024-05-10,101.60986251757627,-98.28142886235982,-225.25342410659852,776.246665057952,-144.66937330331942,-669.8377712961584
2024-05-13,110.76441129038612,-107.41682492081055,-200.66238078091718,660.0746260807147,-135.03283986751606,-678.2335442320933
2024-05-14,133.96451427546333,-130.59985187486583,-259.5243700051971,788.7812220898785,-150.90171366145364,-690.552609613742
2024-05-15,38.86866328554374,-36.16030855200998,-8.081571465073711,79.45835211792323,-806.6341041276629,-2367.539762273147
2024-05-16,63.78853049897208,-60.41013313553071,-185.98600228799276,853.4752794990733,-135.09800316399495,-699.8719842970191
2024-05-17,67.35378834864845,-63.96948366604663,-182.65284362894428,810.8055750825904,-133.30367808280346,-687.3561755577311
2024-05-20,88.12362463784586,-84.70716873438272,-210.24309237766437,797.2251812601061,-138.71002427855004,-664.662673026562
2024-05-21,101.54390319978098,-98.12067856162342,-199.23365512667266,735.7681756627287,-133.8862115588945,-700.6892520607819
2024-05-22,1.342436163022805,44.72234549473138,89.05051231042933,54.118164629768806,0.01861838041472678,0.018142339577844106
2024-05-23,1.3451682677457524,46.04842657601481,92.73115710457272,56.38894014898436,0.01794092027253488,0.017450447079558
2024-05-24,1.3449802025020592,47.195340351689524,94.95799185658528,55.970070263109854,0.017722093069772904,0.017108560643376576
2024-05-28,1.348302327603808,47.401365491398096,94.69074993991426,56.755461782235294,0.0176702118163849,0.017208484641317502
2024-05-29,1.3621737131655471,48.162012145337776,96.46573080263111,58.57438711594957,0.017262087394419194,0.016824460474503936
2024-05-30,1.3599397448811434,49.76853023196029,101.1825579699436,61.39841014066045,0.016587192057806212,0.01600925346869624
2024-05-31,1.352681860150346,49.60333191915908,101.00671252950305,62.243181596192386,0.016541831655757892,0.016117236470480703
2024-06-03,1.3472233397991977,52.74601191076074,107.29430093142979,61.240904549410544,0.01597232980184452,0.015546924077931502
2024-06-04,1.3415991364677184,50.960698710472805,102.10720799679348,61.7306372245621,0.016489577351541253,0.016057085628402547
2024-06-05,1.3420485747415971,52.91928244579037,107.85521258348138,64.76134673573188,0.015717544083175296,0.01530994640096795
2024-06-06,1.3433287115410006,51.19406744861614,103.02804602919626,63.71696499918804,0.016275847941094043,0.01586640935979825
2024-06-07,1.3532049212774089,53.85494869953268,111.04293335876169,68.11036133257232,0.015218494805705118,0.014820864135553412
2024-06-10,1.3538680328924444,54.50678705166015,111.65843623592626,69.22112265620498,0.015126392308000919,0.01464316994943721
2024-06-11,1.42525739186699,54.58920572624329,112.20724870876856,67.62147363279638,0.015039522416970971,0.014646474803918678
2024-06-12,1.4063986681456564,54.88169788455535,111.22207413901138,66.371394753987,0.01519073221923275,0.014896328158954482
2024-06-13,1.4035624078110351,54.05600582823144,107.41027409921811,63.27592827454746,0.01576937255046769,0.015333735478994423
2024-06-14,1.3864074505652786,56.78948394005443,115.13645844248664,69.32831613607685,0.014705057279317089,0.014424292948437849
2024-06-17,1.3802807119913247,57.600658188344724,116.25245062797372,70.63015091631544,0.014593383357550152,0.014204084505742941
2024-06-18,1.3704424237707882,61.53543488470373,125.90420132876943,73.63323064468659,0.01372926115322039,0.013239645009624728
2024-06-19,1.3686206002344907,60.46930390830769,123.53740735069361,74.1902542337295,0.013866619014923781,0.013484875812576088
2024-06-20,1.365362354615323,61.51718073148695,125.56321842918898,75.35643777903586,0.013650651957640007,0.013305939033855841
2024-06-21,1.3635775980755824,61.67930448498694,125.50972401621748,75.8802805714508,0.013641721246054924,0.013266719878512983
2024-06-24,1.354094450066143,64.34205540870374,130.33760340318366,78.8878500144842,0.01316206994485322,0.012824382379513208
2024-06-25,1.3488830320717309,65.7675965731325,133.33971489913267,82.05917147714214,0.012825138353423464,0.012502381538218841
2024-06-26,1.3532038330723608,67.2929502983033,138.85546367575267,85.22925214544182,0.012354053507434576,0.012133334284622474
2024-06-27,1.3492850695987249,68.69949132407828,140.08907155160253,87.08046180065547,0.012216218681856426,0.011886871612499473
2024-06-28,1.3523730723084852,70.1783352899694,145.63333777590094,88.12093136072784,0.011893696152800228,0.011582389484147434
2024-07-01,1.356041689850592,71.4598281926141,147.62919455148818,90.91816200309327,0.011681846171513955,0.011397928830508004
2024-07-02,1.3517171883629775,74.36283823321139,153.60540108267017,92.1754515030457,0.011354274811609673,0.010981856050162726
2024-07-03,1.339694628316907,75.16871090067355,154.29999865925743,93.87896277546342,0.011248338123154464,0.010945258959864144
2024-07-04,1.3417396837010984,77.0094903712209,157.6938100580241,97.96202155869415,0.010940507880992763,0.010650868730479646
2024-07-05,1.3327899530424603,78.39860988680164,161.3922258352926,100.60374890245672,0.010732653294828125,0.010377846238921922
2024-07-08,1.3265104251583377,80.26263875337989,162.36005334208446,101.92443214528309,0.010613840812390054,0.01034423546612797
2024-07-09,1.33149157310403,81.90285962772917,164.1779394255415,103.8914294608916,0.01045422227706492,0.010186791486190502
2024-07-10,1.3267032255403675,82.05595381972196,165.23118338967677,104.8675711631854,0.010402107093056778,0.010140624828816685
2024-07-11,1.3194654371951893,85.6883467332945,174.34118769224997,109.35174685029655,0.009949213776025435,0.009640786271380122
2024-07-12,1.3220327172706885,88.75391455034135,182.37053323175982,115.48145478076754,0.009470364033559381,0.00931655632473084
2024-07-15,1.3184278898297794,91.14760974194995,180.62350599174525,115.35168341471488,0.009513316539624943,0.00926441923429241
2024-07-16,1.314501489676687,97.60168618121605,195.35585154147086,120.9044254444634,0.008909893086938079,0.008668401652999218
2024-07-17,1.3136523466989993,98.36551027533949,197.98432769270616,128.2492488284216,0.008710809971015716,0.008422077134376984
2024-07-18,1.3104107068030453,100.80075618112677,201.48012362533777,130.07127318610765,0.008524578506125906,0.00837030842761747
2024-07-19,1.3194215438415509,101.22237541365614,196.92749952165897,129.4401888934498,0.008641487658483854,0.008417763080932606
2024-07-22,1.32068235452115,107.00821415367453,207.61408414132418,138.01517196120653,0.008184211908592058,0.007970431834836337
2024-07-23,1.31897358643082,112.68193619452516,221.22367868667618,146.50394544549556,0.00771540528752831,0.007523885992071564
2024-07-24,1.3186471885672844,112.0116559997253,218.33732414115678,143.45798592670076,0.007831676747353166,0.007628987295153115
2024-07-25,1.3164001639262413,115.1964983035725,233.11710749889426,151.95875757839397,0.007427001806043917,0.007227078710296431
2024-07-26,1.313800750835059,121.89586178221049,237.25774849543137,158.95696899153177,0.007194631553938619,0.006949652736322126
2024-07-29,1.3040183567353207,127.98227563796236,236.18499534821657,159.67237487101227,0.007122275950024086,0.006925123799529755
2024-07-30,1.301000116807901,137.41602267274723,252.7987700865129,176.67505716680455,0.0065909700306446715,0.00640095845630835
2024-07-31,1.2941038065956294,138.04506857386016,245.48812066612984,176.26837714527042,0.006681366530467499,0.006491508754776477
2024-08-01,1.2821748953121561,147.88672381155305,260.8547429955906,192.2280308014767,0.006246441906759778,0.006025987192159587
2024-08-02,1.5453191359942318,58.825730834275355,-48.993609510342,85.59902575547599,0.20122261635728883,-6.596704398018215e-06
2024-08-05,1.5317970893180446,63.170189674228574,-52.46919687964034,66.09209305331396,0.1915985950044463,-3.526303074713925e-05
2024-08-06,1.5335655726507622,64.7480248990909,-53.81789349640733,63.37789197313376,0.18869718446370462,-0.00011361491027643309
2024-08-07,1.9410464026871315,-1.9563204395514173,-1.5816981889218704,188.97785811587707,2.2382315272573385,0.02325320124995996
2024-08-08,1.5331768337877574,68.21075397053309,-56.755891886682825,86.48728294216866,0.18272082319992755,-4.835254249848608e-05
2024-08-09,1.9304453112035282,-1.9499793821741684,-1.5816599168006253,200.74300294358378,2.222523239025759,0.02192028892496978
2024-08-12,1.9233044559007848,-1.9467361348940224,-1.5931102099311554,221.82114887438007,2.2063547848169924,0.019878874714601643
2024-08-13,1.9085251302570325,-1.9368054169689197,-1.5807824601780205,229.90237775456833,2.191546720762075,0.019200506284803336
2024-08-14,1.8913163816716658,-1.9254077845086697,-1.5658505580862416,238.63114017882197,2.172592772093297,0.018520057348483675
2024-08-15,1.9097153362904165,-1.9399070507120293,-1.5990279941193706,248.31634325337788,2.17967130014003,0.017804771297700278
2024-08-16,1.9030602198333555,-1.9369597094909166,-1.5982613332819435,258.7149046760029,2.165425182442497,0.01710744366541815
2024-08-19,1.9004953070630228,-1.9363149454122826,-1.624126982555056,296.6950568821104,2.1451516969691737,0.014958006656839377
2024-08-20,1.891860352268485,-1.9304586025974477,-1.6232478357421405,312.129503365717,2.1324192893041585,0.014234313393765862
2024-08-21,1.888826025736727,-1.9291705058820527,-1.6271486064168044,329.37684689698307,2.12611117966886,0.013504108525334431
2024-08-22,1.9013271073989515,-1.9384873317452995,-1.654524882108914,348.9218605786374,2.1302419053748607,0.012756914229764868
2024-08-23,1.885889335023063,-1.9276383164598472,-1.6470795738283213,370.82688847785266,2.1087831482363484,0.012020595279600584
2024-08-27,1.8947655011339823,-1.9361774317117586,-1.716870497856897,498.7334573898512,2.080463787056915,0.008984996734591274
2024-08-28,1.8955045413387963,-1.9372087274389223,-1.7329373754067983,546.6320545787561,2.0728041286814434,0.008210327964903109
2024-08-29,1.4819612443934251,187.21878728144645,-164.03914595325074,-398.11606689095805,0.11153427349737544,139091.06216606955
2024-08-30,0.10146375359127059,221.54371591539572,-165.82295703063522,5.320929933730724,0.07613203317941011,17.88493947993005
2024-09-02,0.9102837703907327,320.5076389924692,-278.558326419253,3321.553275550956,0.08328026483679211,68991.20438361127
2024-09-03,0.8946195909300894,392.0991320085781,-346.68658016374997,-286.49680211166185,0.07816654251712414,-5954.717018915675
2024-09-04,1.2131359597770226,498.00567924265584,-461.26425349171166,-6164.719349805756,0.08853718381551932,-426035.2321578536
2024-09-05,1.4330428122615912,737.489985406512,-698.3782021577542,-1302.9345288062227,0.07462740749815418,349988.3711734011
2024-09-06,1.307253008134323,32.74123342166159,71.40605094339763,40.96652820436436,0.025202036231489772,0.024586170506376823
2024-09-09,1.3005359962977134,33.40119925640072,73.51033129101903,42.438755490060615,0.024656975515393538,0.024091610620814153
2024-09-10,1.2965140784423808,33.27659265474861,73.31098923117011,42.143660155260484,0.02479965705144285,0.02419970588110009
2024-09-11,1.2881197890591713,35.297319513777495,78.91680731840881,45.32374117617316,0.023079362857811286,0.022832863873255088
2024-09-12,1.2895384064729112,33.883257006449846,74.89463870598357,42.93751305084278,0.024364031309111203,0.02378208228418091
2024-09-13,1.2866409359981008,34.545913391898424,76.64258941735869,43.91609017363951,0.023854673680911802,0.023298562880765757
2024-09-16,1.2802749522005792,36.86493671119954,83.66298982151251,47.394688384168184,0.022100849643783886,0.02156552521961801
2024-09-17,1.2798675741220156,36.606690972367076,82.78740501103574,47.25195535182294,0.022279786896640025,0.021758210621606544
2024-09-18,1.2853306705505931,37.37088435987627,85.10836666009463,48.87584631113865,0.02157621734147951,0.021353010706979432
2024-09-19,1.28863201629232,37.03562061951366,84.64540501676295,48.52494310434525,0.021861536737424477,0.02113748221268224
2024-09-20,1.290350077195289,37.3081426850732,84.77024339434253,48.52357997239407,0.021764596522836584,0.021222203990649197
2024-09-23,1.2891709535707836,36.92175901262713,83.72102947379155,47.53779512389795,0.022103664518234638,0.021624912618670653
2024-09-24,1.2878182988151157,37.0472944552343,84.25223877059217,47.63005522580413,0.022026053759578963,0.021545186701650072
2024-09-25,1.2929029525171587,37.3452878599745,85.29958651227253,48.75672128720958,0.021708392558061014,0.021217417883735656
2024-09-26,1.2952390470654063,38.287524816950494,88.01040258671394,50.164006351834765,0.021081758341251224,0.020633924559316067
2024-09-27,1.2933366881517248,39.426730075528575,91.24975055845734,52.35330573345154,0.020363090774126465,0.019877314832129376
2024-09-30,1.2910007216130253,39.554924795173186,91.59990828038646,52.64561429685644,0.020316331783544066,0.019890972646544516
2024-10-01,1.281870923541233,39.54237087582479,91.59902951489053,52.385325733560606,0.0204027654922828,0.019952016422772226
2024-10-02,1.2918455398166289,60.15288242791777,145.22234297685253,1.3128586390112935,0.018098983075446863,-0.0003290911181199896
2024-10-03,1.289507804280456,41.30965298530536,97.06289497877773,55.10324863381827,0.019365613984013146,0.01890810125938678
2024-10-04,1.298388727030246,41.022991556656706,96.08601534378377,55.521310195567054,0.019390031525755205,0.019098973558286634
2024-10-07,1.3027379627935007,42.44102017240897,100.3954209691785,57.40404710417875,0.018674864850315345,0.018439956788749125
2024-10-08,1.302099980585489,43.064944966866804,102.20887710723734,58.90049856702103,0.018435870728888807,0.017850759350692472
2024-10-09,1.3008622338849356,43.03825873192283,102.55565430926285,58.47792527384403,0.018418766600931447,0.017989616578406826
2024-10-10,1.3057715928936142,41.62860978702261,98.47797100519784,56.713217212529756,0.01908937896617707,0.01868249389018979
2024-10-11,1.3040498102055704,42.137915052255686,99.42044129494202,57.17580395916026,0.018934179165560255,0.018510307782026534
2024-10-14,1.3062520005143161,45.25931813874117,109.17558234952759,62.6194970252674,0.017424702761769842,0.0168828886902983
2024-10-15,1.2955388909604064,44.737979139417426,107.34071734333831,60.92641572927474,0.01774745807932582,0.01738750156026544
2024-10-16,1.2848644110789345,44.222060977792225,105.46204349845159,60.81432247031667,0.018016023857826254,0.01762227079928893
2024-10-17,1.28950911372,46.48449229514694,112.32511463001353,64.00572810719504,0.017031276809129036,0.016637568071972374
2024-10-18,1.2864976302671203,45.91791605451864,111.22698574340836,63.10549679822296,0.01723947781284506,0.016893134134360336
2024-10-21,1.2952473357282193,47.12774005223685,113.68946107000416,64.73262797018987,0.01686944912708555,0.01652158623982334
2024-10-22,1.2996444263704674,48.8491309064926,119.73147106565779,68.40461319091423,0.016110112605522142,0.015617791194418432
2024-10-23,1.3034973517845398,48.38177210735608,118.39795790250066,66.5609830988023,0.016314653645960638,0.015992875198276982
2024-10-24,1.300799077650551,49.938750013247564,122.62962437728342,70.48367257596718,0.0156941535844381,0.015351227163553463
2024-10-25,1.2963094372845714,49.56903689702717,122.05337786841834,70.20469290133512,0.015803186405603218,0.01544148065938379
2024-10-28,1.2960467089374343,51.85286460638422,128.67557369932746,74.06366470725155,0.015007568058512073,0.01482649908489977
2024-10-29,1.297946917660999,50.0625816653849,122.90227024002081,70.88331837006001,0.015718595609990327,0.015397597897685252
2024-10-30,1.3013389148405419,52.98129240771107,132.12749864665452,75.80797504021105,0.014703488762779915,0.014381953590475878
2024-10-31,1.3055743507080548,51.411213546992535,126.33668560323989,70.79241119612527,0.015435295125684015,0.015120362524771933
2024-11-01,1.307235099380123,53.246473614087506,131.8783764804651,73.43857908186239,0.014844941537812902,0.014553402273351057
2024-11-04,1.302825794110911,55.44394124535182,138.80561519154975,80.28393958142254,0.01404627603217892,0.013735227252759186
2024-11-05,1.3067858367668614,56.65705556801929,142.7214149678476,81.13945239921429,0.013712670058079794,0.013552831954729522
2024-11-06,1.3116165951025789,55.774859803637106,139.17924939616472,79.95905443924825,0.014033439900670195,0.013754774815420843
2024-11-07,1.304073920844084,57.992368979999526,146.1963402377628,80.74488275624094,0.013574200990871477,0.013274061859723284
2024-11-08,1.2964479682178172,58.668794343170724,148.34930938594374,85.51886519690309,0.013206198944868573,0.013062745221150848
2024-11-11,1.289818753241482,61.4005533777453,155.70321871215575,87.7925024071053,0.012726465798826326,0.012578898925762515
2024-11-12,1.2919771450457855,59.03491091359498,147.7700259207248,85.84570936017587,0.013305309601944443,0.013038200497949915
2024-11-13,1.305005672742258,63.93097305777975,157.91864143684978,91.91722963833429,0.012391955852404294,0.012245754213678626
2024-11-14,1.3046562983405723,62.27940590988462,150.95027383315087,89.23060924009687,0.01290368236685588,0.01263746894073826
2024-11-15,1.3030277031791644,64.5149823774139,158.1265186839795,92.05423157453596,0.01241682299229546,0.012162371507686407
2024-11-18,1.2988777369640967,67.66386646379014,166.89650845043587,98.62526768649388,0.011751052486252135,0.011594309987859082
2024-11-19,1.292560890304804,68.91763018841488,170.53290916784107,99.88449840080574,0.011589160204229476,0.011334420478082325
2024-11-20,1.297565857191215,67.60444459274677,165.77441514567604,98.17175852617116,0.0118647338628659,0.011622197282410774
2024-11-21,1.2939029616451374,106.52856056403672,274.91821769581446,4.909658639592804,0.010266738746424513,-5.275990855299617e-05
2024-11-22,1.2889191426171704,71.28062319769353,176.30649247187705,104.66764789871804,0.011204574126141852,0.01097617381678093
2024-11-25,1.2801872068326998,75.13067938064293,187.34937291895776,110.76836181704512,0.01062909126297352,0.010397455785034163
